"Municipio","Departamento","Lenguaje","Evaluados"
"SANTA MARIA","BOYACÁ",51.59,32
"SAN JOSE DE MIRANDA","SANTANDER",51.52,23
"SAN EDUARDO","BOYACÁ",51,20
"PAEZ","BOYACÁ",50.75,32
"CERINZA","BOYACÁ",50.69,59
"ENTRERRIOS","ANTIOQUIA",50.63,76
"HISPANIA","ANTIOQUIA",50.36,25
"CAMPOHERMOSO","BOYACÁ",50.24,29
"JARDIN","ANTIOQUIA",50.16,124
"SABANETA","ANTIOQUIA",50.11,514
"PAIPA","BOYACÁ",50.08,364
"BUCARAMANGA","SANTANDER",50.02,4838
"LA ARGENTINA","HUILA",49.99,127
"LA CEJA","ANTIOQUIA",49.94,495
"TUNJA","BOYACÁ",49.9,1713
"CAROLINA","ANTIOQUIA",49.87,30
"CHARALA","SANTANDER",49.81,181
"TINJACA","BOYACÁ",49.76,34
"IZA","BOYACÁ",49.75,12
"ENVIGADO","ANTIOQUIA",49.67,1425
"CONCEPCION","SANTANDER",49.65,37
"DON MATIAS","ANTIOQUIA",49.61,104
"SOGAMOSO","BOYACÁ",49.59,1216
"COPACABANA","ANTIOQUIA",49.55,787
"DUITAMA","BOYACÁ",49.48,1556
"LA MESA","CUNDINAMARCA",49.48,255
"GUARNE","ANTIOQUIA",49.46,393
"MALAGA","SANTANDER",49.4,381
"CHIA","CUNDINAMARCA",49.36,866
"FUQUENE","CUNDINAMARCA",49.32,65
"CARMEN DE VIBORAL","ANTIOQUIA",49.24,527
"LA ESTRELLA","ANTIOQUIA",49.21,471
"FLORIDABLANCA","SANTANDER",49.09,1966
"CHINACOTA","NORTE SANTANDER",49.08,187
"IPIALES","NARIÑO",49.07,1150
"MARINILLA","ANTIOQUIA",49.05,548
"CRAVO NORTE","ARAUCA",49.04,28
"FIRAVITOBA","BOYACÁ",49.04,71
"BARICHARA","SANTANDER",49.02,95
"BERBEO","BOYACÁ",48.95,20
"SAN GIL","SANTANDER",48.93,649
"CARCASI","SANTANDER",48.9,30
"BOLIVAR","SANTANDER",48.88,88
"LA UNION","NARIÑO",48.88,247
"BITUIMA","CUNDINAMARCA",48.86,21
"NOBSA","BOYACÁ",48.86,188
"PARAMO","SANTANDER",48.84,49
"HERRAN","NORTE SANTANDER",48.83,24
"ANZA","ANTIOQUIA",48.8,31
"FACATATIVA","CUNDINAMARCA",48.77,1220
"ALTAMIRA","HUILA",48.76,45
"PUPIALES","NARIÑO",48.75,223
"PUERRES","NARIÑO",48.74,91
"TIBIRITA","CUNDINAMARCA",48.68,37
"ARCABUCO","BOYACÁ",48.66,64
"SANTUARIO","ANTIOQUIA",48.63,277
"LA CALERA","CUNDINAMARCA",48.6,199
"PALMIRA","VALLE",48.6,2683
"PEÑOL","ANTIOQUIA",48.59,203
"SOCORRO","SANTANDER",48.59,378
"UNE","CUNDINAMARCA",48.58,76
"ROLDANILLO","VALLE",48.54,410
"PASCA","CUNDINAMARCA",48.53,199
"PAMPLONA","NORTE SANTANDER",48.48,535
"NOCAIMA","CUNDINAMARCA",48.46,83
"TUQUERRES","NARIÑO",48.46,393
"OCAÑA","NORTE SANTANDER",48.43,1009
"BUENAVISTA","BOYACÁ",48.41,61
"GUACHUCAL","NARIÑO",48.41,197
"GARAGOA","BOYACÁ",48.4,233
"DOS QUEBRADAS","RISARALDA",48.36,1551
"VILLAVICENCIO","META",48.34,4311
"BOGOTÁ D.C.","BOGOTÁ",48.3,51372
"BOLIVAR","ANTIOQUIA",48.3,195
"LA UNION","ANTIOQUIA",48.3,229
"SANTA ROSA DE VITERBO","BOYACÁ",48.3,145
"SAN BERNARDO","NARIÑO",48.28,109
"TERUEL","HUILA",48.28,46
"MOSQUERA","CUNDINAMARCA",48.27,892
"SANTA ROSA DE CABAL","RISARALDA",48.27,660
"MEDELLIN","ANTIOQUIA",48.26,18472
"AGUADA","SANTANDER",48.25,20
"FUNES","NARIÑO",48.23,64
"PAZ DE RIO","BOYACÁ",48.23,53
"ITAGUI","ANTIOQUIA",48.22,2686
"PAMPLONITA","NORTE SANTANDER",48.22,42
"PACHAVITA","BOYACÁ",48.2,10
"SAN LUIS DE PALENQUE","CASANARE",48.19,88
"SANTA ISABEL","TOLIMA",48.19,57
"CAJICA","CUNDINAMARCA",48.18,546
"PENSILVANIA","CALDAS",48.18,236
"PASTO","NARIÑO",48.13,3718
"RESTREPO","META",48.13,241
"ELIAS","HUILA",48.12,42
"POTOSI","NARIÑO",48.11,132
"SAN FRANCISCO","ANTIOQUIA",48.11,27
"MANIZALES","CALDAS",48.07,3770
"PAICOL","HUILA",48.05,44
"PITALITO","HUILA",48.05,1452
"GINEBRA","VALLE",48.04,217
"GIRARDOTA","ANTIOQUIA",48.03,435
"GOMEZ PLATA","ANTIOQUIA",48.03,97
"SIBUNDOY","PUTUMAYO",48.03,314
"BARBOSA","ANTIOQUIA",48.02,345
"RISARALDA","CALDAS",48.02,103
"CERRITO","SANTANDER",48,63
"SORACA","BOYACÁ",48,73
"FUSAGASUGA","CUNDINAMARCA",47.98,1260
"POPAYAN","CAUCA",47.97,2730
"SARDINATA","NORTE SANTANDER",47.97,146
"ARBELAEZ","CUNDINAMARCA",47.96,144
"COLON (GENOVA)","NARIÑO",47.93,85
"LA CUMBRE","VALLE",47.93,130
"ZIPAQUIRA","CUNDINAMARCA",47.93,1159
"RAMIRIQUI","BOYACÁ",47.92,140
"PUENTE NACIONAL","SANTANDER",47.9,344
"CALDAS","ANTIOQUIA",47.89,747
"PALMAR","SANTANDER",47.89,37
"VILLAMARIA","CALDAS",47.89,614
"MIRAFLORES","BOYACÁ",47.87,103
"LEBRIJA","SANTANDER",47.83,323
"CIRCASIA","QUINDÍO",47.82,354
"NARIÑO","NARIÑO",47.82,39
"SOPO","CUNDINAMARCA",47.82,296
"VELEZ","SANTANDER",47.82,257
"GIRON","SANTANDER",47.81,1257
"OSPINA","NARIÑO",47.79,85
"SILOS","NORTE SANTANDER",47.79,29
"SORA","BOYACÁ",47.78,50
"INIRIDA","GUAINÍA",47.77,194
"JERICO","ANTIOQUIA",47.77,182
"MONTEBELLO","ANTIOQUIA",47.77,48
"CAJAMARCA","TOLIMA",47.75,149
"GUAMAL","META",47.75,153
"ALEJANDRIA","ANTIOQUIA",47.73,26
"BUGA","VALLE",47.73,961
"GARZON","HUILA",47.73,609
"LA SALINA","CASANARE",47.73,11
"CAPITANEJO","SANTANDER",47.72,53
"EL TAMBO","NARIÑO",47.71,152
"EL DOVIO","VALLE",47.7,82
"VILLA DE LEYVA","BOYACÁ",47.7,138
"PIEDECUESTA","SANTANDER",47.69,1558
"QUEBRADANEGRA","CUNDINAMARCA",47.69,48
"TIBASOSA","BOYACÁ",47.69,191
"CHIQUINQUIRA","BOYACÁ",47.68,895
"UBATE","CUNDINAMARCA",47.68,569
"PEREIRA","RISARALDA",47.67,5116
"RESTREPO","VALLE",47.66,194
"TARQUI","HUILA",47.66,202
"PANQUEBA","BOYACÁ",47.65,43
"GUADALUPE","ANTIOQUIA",47.64,33
"SAN PEDRO","ANTIOQUIA",47.64,331
"SUCRE","SANTANDER",47.63,97
"GUALMATAN","NARIÑO",47.61,69
"IBAGUE","TOLIMA",47.61,5666
"SOMONDOCO","BOYACÁ",47.61,49
"TOCANCIPA","CUNDINAMARCA",47.61,431
"SAN ALBERTO","CESAR",47.59,174
"SANTA ROSA DE OSOS","ANTIOQUIA",47.59,338
"NEIVA","HUILA",47.58,3155
"NUEVO COLON","BOYACÁ",47.58,95
"SAN JOSE DE LA MONTAÑA","ANTIOQUIA",47.58,33
"ISNOS","HUILA",47.57,218
"CHITAGA","NORTE SANTANDER",47.55,69
"SUBACHOQUE","CUNDINAMARCA",47.55,155
"SOATA","BOYACÁ",47.54,143
"TAUSA","CUNDINAMARCA",47.53,82
"SAN MIGUEL","SANTANDER",47.52,33
"GUATAPE","ANTIOQUIA",47.5,114
"GUAYATA","BOYACÁ",47.49,37
"COTA","CUNDINAMARCA",47.47,225
"SUTAMARCHAN","BOYACÁ",47.46,59
"SAN FRANCISCO","CUNDINAMARCA",47.45,94
"EL CALVARIO","META",47.44,25
"ILES","NARIÑO",47.43,102
"ANDES","ANTIOQUIA",47.42,466
"ALDANA","NARIÑO",47.41,92
"CALI","VALLE",47.4,11398
"PALERMO","HUILA",47.4,231
"TAMESIS","ANTIOQUIA",47.4,169
"COGUA","CUNDINAMARCA",47.39,193
"EL COCUY","BOYACÁ",47.39,74
"FLORESTA","BOYACÁ",47.38,55
"SANDONA","NARIÑO",47.38,263
"NARIÑO","ANTIOQUIA",47.37,44
"CALIMA (DARIEN)","VALLE",47.36,191
"HERVEO","TOLIMA",47.34,73
"VETAS","SANTANDER",47.33,18
"CHINCHINA","CALDAS",47.32,490
"LA URIBE","META",47.32,43
"SAN JOSE DEL PALMAR","CHOCÓ",47.32,38
"CALDAS","BOYACÁ",47.31,67
"MADRID","CUNDINAMARCA",47.31,630
"LA PLATA","HUILA",47.3,578
"ULLOA","VALLE",47.29,78
"ARMENIA","QUINDÍO",47.28,3423
"CHACHAGUI","NARIÑO",47.28,118
"COCORNA","ANTIOQUIA",47.27,104
"TIBANA","BOYACÁ",47.27,60
"BELEN","BOYACÁ",47.26,106
"NILO","CUNDINAMARCA",47.26,84
"RETIRO","ANTIOQUIA",47.24,156
"TASCO","BOYACÁ",47.24,51
"PUERTO TRIUNFO","ANTIOQUIA",47.23,103
"TULUA","VALLE",47.23,1979
"TUTA","BOYACÁ",47.23,137
"BELLO","ANTIOQUIA",47.22,3555
"TURMEQUE","BOYACÁ",47.22,140
"VILLAGOMEZ","CUNDINAMARCA",47.22,27
"NEIRA","CALDAS",47.21,210
"SUPATA","CUNDINAMARCA",47.21,85
"LA VICTORIA","BOYACÁ",47.2,15
"MARIQUITA","TOLIMA",47.2,340
"LA CAPILLA","BOYACÁ",47.19,21
"SACHICA","BOYACÁ",47.19,37
"SARAVENA","ARAUCA",47.18,557
"ABRIAQUI","ANTIOQUIA",47.17,24
"GACHANCIPA","CUNDINAMARCA",47.17,100
"CALARCA","QUINDÍO",47.16,879
"GUASCA","CUNDINAMARCA",47.16,221
"VILLETA","CUNDINAMARCA",47.15,303
"ABEJORRAL","ANTIOQUIA",47.14,178
"SABANA DE TORRES","SANTANDER",47.14,294
"CONSACA","NARIÑO",47.13,126
"BARBOSA","SANTANDER",47.12,307
"LOS PATIOS","NORTE SANTANDER",47.12,510
"ANDALUCIA","VALLE",47.11,184
"QUINCHIA","RISARALDA",47.11,333
"MEDINA","CUNDINAMARCA",47.1,58
"CHIMA","SANTANDER",47.09,33
"GUADALUPE","SANTANDER",47.09,122
"SAMACA","BOYACÁ",47.09,216
"CONTADERO","NARIÑO",47.08,37
"PALESTINA","CALDAS",47.08,172
"SAN ANTONIO DE TEQUENDAMA","CUNDINAMARCA",47.08,138
"VILLA CARO","NORTE SANTANDER",47.08,36
"VILLANUEVA","CASANARE",47.08,404
"CALIFORNIA","SANTANDER",47.07,15
"SUSA","CUNDINAMARCA",47.07,81
"FUNZA","CUNDINAMARCA",47.04,584
"NARIÑO","CUNDINAMARCA",47.04,26
"TABIO","CUNDINAMARCA",47.04,265
"BELMIRA","ANTIOQUIA",47.02,78
"SANTA BARBARA","ANTIOQUIA",47.02,254
"SESQUILE","CUNDINAMARCA",47.01,156
"LA UVITA","BOYACÁ",47,46
"LIBANO","TOLIMA",46.99,406
"GRANADA","META",46.97,792
"CARTAGO","VALLE",46.96,1324
"CUCUTA","NORTE SANTANDER",46.96,5944
"EL GUACAMAYO","SANTANDER",46.96,23
"SAN VICENTE DE CHUCURI","SANTANDER",46.96,448
"VENTAQUEMADA","BOYACÁ",46.95,231
"OIBA","SANTANDER",46.94,197
"FLORENCIA","CAQUETÁ",46.93,1603
"CUITIVA","BOYACÁ",46.92,25
"RAQUIRA","BOYACÁ",46.92,65
"SOACHA","CUNDINAMARCA",46.92,3353
"LOURDES","NORTE SANTANDER",46.91,33
"BETEITIVA","BOYACÁ",46.9,30
"AQUITANIA","BOYACÁ",46.89,147
"MONTELIBANO","CÓRDOBA",46.89,708
"SAPUYES","NARIÑO",46.89,70
"BOCHALEMA","NORTE SANTANDER",46.88,109
"CONVENCION","NORTE SANTANDER",46.88,154
"GACHETA","CUNDINAMARCA",46.87,145
"PUERTO SALGAR","CUNDINAMARCA",46.87,157
"SOCHA","BOYACÁ",46.87,134
"BOJACÁ","CUNDINAMARCA",46.86,93
"GUEPSA","SANTANDER",46.86,50
"RIONEGRO","ANTIOQUIA",46.86,1743
"SAN MARTIN","CESAR",46.86,174
"TAURAMENA","CASANARE",46.86,298
"ANOLAIMA","CUNDINAMARCA",46.84,243
"TENA","CUNDINAMARCA",46.83,85
"VILLAHERMOSA","TOLIMA",46.83,73
"CAICEDONIA","VALLE",46.82,343
"CUMARAL","META",46.81,256
"GUATEQUE","BOYACÁ",46.81,172
"MELGAR","TOLIMA",46.81,395
"SUAZA","HUILA",46.81,104
"VALPARAISO","CAQUETÁ",46.81,58
"BUESACO","NARIÑO",46.78,142
"CHIPATA","SANTANDER",46.78,45
"MACHETA","CUNDINAMARCA",46.78,101
"NEMOCON","CUNDINAMARCA",46.78,129
"OPORAPA","HUILA",46.76,91
"SAN VICENTE","ANTIOQUIA",46.73,215
"SANTUARIO","RISARALDA",46.72,119
"VILLANUEVA","SANTANDER",46.72,110
"SALENTO","QUINDÍO",46.71,80
"TIMBIO","CAUCA",46.71,315
"AGUADAS","CALDAS",46.7,279
"LA BELLEZA","SANTANDER",46.7,53
"SAN LUIS DE GACENO","BOYACÁ",46.7,59
"SAN PEDRO","SUCRE",46.7,218
"VIRACACHA","BOYACÁ",46.7,27
"BELEN","NARIÑO",46.69,104
"SAN JUAN DE RIO SECO","CUNDINAMARCA",46.69,121
"GONZALEZ","CESAR",46.68,31
"LA CRUZ","NARIÑO",46.68,246
"LANDAZURI","SANTANDER",46.68,130
"TENJO","CUNDINAMARCA",46.68,220
"CHOACHI","CUNDINAMARCA",46.67,166
"GRANADA","ANTIOQUIA",46.66,96
"CIENEGA","BOYACÁ",46.65,54
"GIGANTE","HUILA",46.65,321
"SANTA SOFIA","BOYACÁ",46.65,34
"VENADILLO","TOLIMA",46.64,101
"LA ESPERANZA","NORTE SANTANDER",46.63,57
"ALBANIA","SANTANDER",46.62,50
"CHIPAQUE","CUNDINAMARCA",46.61,74
"CHIVATA","BOYACÁ",46.61,41
"FLORIAN","SANTANDER",46.61,68
"QUIMBAYA","QUINDÍO",46.6,429
"SAMANIEGO","NARIÑO",46.6,341
"SOLEDAD","ATLÁNTICO",46.6,3059
"CASABIANCA","TOLIMA",46.59,60
"GRAMALOTE","NORTE SANTANDER",46.59,69
"MONGUI","BOYACÁ",46.59,92
"SEVILLA","VALLE",46.59,450
"SINCELEJO","SUCRE",46.59,2914
"CAQUEZA","CUNDINAMARCA",46.58,184
"GUAITARILLA","NARIÑO",46.58,138
"ALCALA","VALLE",46.56,136
"LINARES","NARIÑO",46.55,105
"SOTAQUIRA","BOYACÁ",46.54,98
"VILLARRICA","TOLIMA",46.54,68
"ANCUYA","NARIÑO",46.53,101
"SACAMA","CASANARE",46.53,15
"TENZA","BOYACÁ",46.53,49
"MONTERIA","CÓRDOBA",46.52,3711
"SAN JOSE","CALDAS",46.52,80
"ACACIAS","META",46.51,1003
"RIOSUCIO","CALDAS",46.5,738
"CANDELARIA","VALLE",46.49,635
"COMBITA","BOYACÁ",46.49,115
"HONDA","TOLIMA",46.49,283
"BARRANCABERMEJA","SANTANDER",46.48,1952
"CONTRATACION","SANTANDER",46.48,90
"TITIRIBI","ANTIOQUIA",46.48,70
"QUETAME","CUNDINAMARCA",46.47,93
"TOPAGA","BOYACÁ",46.47,45
"ZETAQUIRA","BOYACÁ",46.47,73
"SANTA ROSA DEL SUR","BOLÍVAR",46.46,328
"CAREPA","ANTIOQUIA",46.45,336
"DAGUA","VALLE",46.45,346
"ENCISO","SANTANDER",46.45,53
"MANAURE BALCON DEL CESAR","CESAR",46.45,152
"SAN PABLO","NARIÑO",46.45,169
"TOGUI","BOYACÁ",46.44,45
"PACHO","CUNDINAMARCA",46.43,420
"MOTAVITA","BOYACÁ",46.41,79
"PUERTO RICO","META",46.39,90
"SABANALARGA","CASANARE",46.39,57
"EL COLEGIO","CUNDINAMARCA",46.38,346
"TIBACUY","CUNDINAMARCA",46.37,43
"VIANI","CUNDINAMARCA",46.37,37
"BOYACA","BOYACÁ",46.36,52
"UBAQUE","CUNDINAMARCA",46.36,66
"CACHIRA","NORTE SANTANDER",46.35,107
"GAMEZA","BOYACÁ",46.35,55
"PINCHOTE","SANTANDER",46.35,77
"ALPUJARRA","TOLIMA",46.33,60
"EL CARMEN","CHOCÓ",46.33,87
"CHIVOR","BOYACÁ",46.31,26
"GUAYABETAL","CUNDINAMARCA",46.31,62
"MOCOA","PUTUMAYO",46.3,848
"ARANZAZU","CALDAS",46.29,171
"CHAMEZA","CASANARE",46.29,28
"SAN MARTIN","META",46.29,278
"ALGECIRAS","HUILA",46.28,216
"JENESANO","BOYACÁ",46.28,67
"ANAPOIMA","CUNDINAMARCA",46.27,167
"CHAPARRAL","TOLIMA",46.27,365
"BETULIA","ANTIOQUIA",46.26,174
"CALAMAR","GUAVIARE",46.26,54
"CONCEPCION","ANTIOQUIA",46.26,23
"MOGOTES","SANTANDER",46.26,106
"MONTERREY","CASANARE",46.26,332
"FILANDIA","QUINDÍO",46.25,191
"MIRAFLORES","GUAVIARE",46.25,28
"AGUA DE DIOS","CUNDINAMARCA",46.24,143
"FREDONIA","ANTIOQUIA",46.23,282
"TOLU","SUCRE",46.23,256
"VALPARAISO","ANTIOQUIA",46.23,65
"FOMEQUE","CUNDINAMARCA",46.22,173
"SURATA","SANTANDER",46.22,36
"YOPAL","CASANARE",46.22,2273
"ARGELIA","CAUCA",46.2,108
"MONTENEGRO","QUINDÍO",46.2,484
"NUNCHIA","CASANARE",46.2,87
"SIMIJACA","CUNDINAMARCA",46.2,143
"SONSON","ANTIOQUIA",46.2,340
"VERGARA","CUNDINAMARCA",46.19,59
"AMAGA","ANTIOQUIA",46.18,276
"LOS ANDES (SOTOMAYOR)","NARIÑO",46.17,125
"AMALFI","ANTIOQUIA",46.16,265
"CUCAITA","BOYACÁ",46.16,60
"EL CERRITO","VALLE",46.16,549
"ICONONZO","TOLIMA",46.16,144
"TIMANA","HUILA",46.15,174
"PALOCABILDO","TOLIMA",46.14,65
"CAPARRAPI","CUNDINAMARCA",46.13,102
"PALMAR DE VARELA","ATLÁNTICO",46.13,356
"SIBATE","CUNDINAMARCA",46.13,339
"IQUIRA","HUILA",46.12,116
"YUMBO","VALLE",46.12,992
"MALLAMA (PIEDRANCHA)","NARIÑO",46.11,77
"EL CASTILLO","META",46.1,60
"GUACHETA","CUNDINAMARCA",46.1,149
"MONIQUIRA","BOYACÁ",46.1,205
"PUERTO NARE (LA MAGDALENA)","ANTIOQUIA",46.1,157
"ANSERMA","CALDAS",46.09,433
"CARAMANTA","ANTIOQUIA",46.09,55
"MONGUA","BOYACÁ",46.09,54
"ABREGO","NORTE SANTANDER",46.08,208
"ARAUCA","ARAUCA",46.08,837
"EL CARMEN","NORTE SANTANDER",46.08,69
"OICATA","BOYACÁ",46.08,25
"PUERTO LIBERTADOR","CÓRDOBA",46.08,189
"SALAMINA","CALDAS",46.08,191
"PUEBLORRICO","ANTIOQUIA",46.07,71
"SAN BERNARDO","CUNDINAMARCA",46.07,136
"RIVERA","HUILA",46.06,202
"CONCORDIA","ANTIOQUIA",46.05,120
"CUMBAL","NARIÑO",46.05,375
"SANTIAGO","PUTUMAYO",46.05,59
"EL CARMEN","SANTANDER",46.03,125
"EL PLAYON","SANTANDER",46.03,155
"FRESNO","TOLIMA",46.03,272
"OCAMONTE","SANTANDER",46.03,71
"PUERTO ASIS","PUTUMAYO",46.03,537
"MATANZA","SANTANDER",46.02,62
"YARUMAL","ANTIOQUIA",46.02,543
"MIRANDA","CAUCA",46.01,312
"YACUANQUER","NARIÑO",46.01,151
"COLON","PUTUMAYO",46,59
"JAMUNDI","VALLE",45.99,914
"PAZ DE ARIPORO","CASANARE",45.99,469
"VILLAGARZON","PUTUMAYO",45.99,329
"SASAIMA","CUNDINAMARCA",45.98,177
"TOCA","BOYACÁ",45.97,151
"GRANADA","CUNDINAMARCA",45.95,86
"PACORA","CALDAS",45.95,166
"SAN AGUSTIN","HUILA",45.95,413
"BARRANQUILLA","ATLÁNTICO",45.94,12074
"MURILLO","TOLIMA",45.93,40
"CACHIPAY","CUNDINAMARCA",45.92,87
"TAMINANGO","NARIÑO",45.92,301
"CHINAVITA","BOYACÁ",45.91,42
"LA MERCED","CALDAS",45.91,102
"LOS SANTOS","SANTANDER",45.91,130
"PUEBLO BELLO","CESAR",45.91,107
"AGUACHICA","CESAR",45.9,737
"LA VEGA","CUNDINAMARCA",45.9,226
"TONA","SANTANDER",45.9,50
"LA DORADA","CALDAS",45.89,668
"ATACO","TOLIMA",45.88,140
"VILLA DEL ROSARIO","NORTE SANTANDER",45.88,795
"CURITI","SANTANDER",45.87,176
"MARQUETALIA","CALDAS",45.87,216
"MOLAGAVITA","SANTANDER",45.87,40
"SALADOBLANCO","HUILA",45.87,131
"CORDOBA","NARIÑO",45.86,202
"LABATECA","NORTE SANTANDER",45.86,72
"SABANAGRANDE","ATLÁNTICO",45.86,344
"DABEIBA","ANTIOQUIA",45.85,115
"LA UNION","VALLE",45.85,433
"PALMAS DEL SOCORRO","SANTANDER",45.85,26
"CONFINES","SANTANDER",45.83,40
"TESALIA","HUILA",45.83,110
"LA PLAYA","NORTE SANTANDER",45.82,57
"QUIPAMA","BOYACÁ",45.82,50
"SUAITA","SANTANDER",45.82,149
"CUBARRAL","META",45.81,73
"VILLAPINZON","CUNDINAMARCA",45.81,272
"LA PAZ","SANTANDER",45.79,49
"AGRADO","HUILA",45.78,72
"FRONTINO","ANTIOQUIA",45.78,225
"HATO","SANTANDER",45.77,26
"LA VIRGINIA","RISARALDA",45.77,397
"PIENDAMO","CAUCA",45.77,409
"SIMACOTA","SANTANDER",45.77,89
"TAME","ARAUCA",45.77,572
"PRADERA","VALLE",45.76,518
"CARACOLI","ANTIOQUIA",45.75,44
"EL CAIRO","VALLE",45.75,72
"ZIPACON","CUNDINAMARCA",45.75,71
"CORDOBA","QUINDÍO",45.74,74
"LA FLORIDA","NARIÑO",45.74,129
"ROVIRA","TOLIMA",45.74,272
"GAMA","CUNDINAMARCA",45.73,22
"VISTA HERMOSA","META",45.73,126
"CAMPOALEGRE","HUILA",45.72,242
"GUADUAS","CUNDINAMARCA",45.72,252
"PALESTINA","HUILA",45.71,94
"FOSCA","CUNDINAMARCA",45.7,64
"MARSELLA","RISARALDA",45.7,174
"ALVARADO","TOLIMA",45.69,84
"GIRALDO","ANTIOQUIA",45.69,62
"LA VEGA","CAUCA",45.69,172
"UMBITA","BOYACÁ",45.69,121
"ALBAN (SAN JOSE)","NARIÑO",45.68,161
"CHARTA","SANTANDER",45.68,25
"SAHAGUN","CÓRDOBA",45.68,1192
"ZAPATOCA","SANTANDER",45.68,131
"EL TABLON","NARIÑO",45.67,205
"GACHANTIVA","BOYACÁ",45.67,48
"SABOYA","BOYACÁ",45.67,195
"SINCE","SUCRE",45.67,291
"SUSACON","BOYACÁ",45.67,36
"MANTA","CUNDINAMARCA",45.66,78
"PITAL","HUILA",45.66,112
"GUAYABAL DE SIQUIMA","CUNDINAMARCA",45.65,82
"MACARAVITA","SANTANDER",45.65,40
"SUTATAUSA","CUNDINAMARCA",45.65,92
"VALDIVIA","ANTIOQUIA",45.65,81
"CAUCASIA","ANTIOQUIA",45.64,1050
"BELEN DE UMBRIA","RISARALDA",45.62,329
"CHISCAS","BOYACÁ",45.62,66
"RONDON","BOYACÁ",45.62,37
"CHOCONTA","CUNDINAMARCA",45.61,270
"LA PAZ (ROBLES)","CESAR",45.61,175
"RIOFRIO","VALLE",45.61,156
"VALLEDUPAR","CESAR",45.61,3922
"ARAUQUITA","ARAUCA",45.6,372
"BETANIA","ANTIOQUIA",45.6,91
"CAÑASGORDAS","ANTIOQUIA",45.6,218
"LIBORINA","ANTIOQUIA",45.6,116
"NORCASIA","CALDAS",45.6,48
"MUTISCUA","NORTE SANTANDER",45.59,34
"RIOBLANCO","TOLIMA",45.59,149
"MERCADERES","CAUCA",45.58,131
"CUCUNUBA","CUNDINAMARCA",45.57,109
"JUNIN","CUNDINAMARCA",45.57,102
"LA UNION","SUCRE",45.56,156
"SAN JUAN DE ARAMA","META",45.56,104
"SAN JUAN DEL CESAR","LA GUAJIRA",45.56,415
"SAN BERNARDO DEL VIENTO","CÓRDOBA",45.55,254
"CARMEN DE CARUPA","CUNDINAMARCA",45.54,93
"EL AGUILA","VALLE",45.54,110
"MORROA","SUCRE",45.53,112
"HELICONIA","ANTIOQUIA",45.52,42
"LA TEBAIDA","QUINDÍO",45.52,485
"ZARZAL","VALLE",45.52,471
"BUCARASICA","NORTE SANTANDER",45.51,43
"FLORIDA","VALLE",45.51,607
"BOAVITA","BOYACÁ",45.5,127
"FUENTE DE ORO","META",45.5,146
"SIACHOQUE","BOYACÁ",45.49,146
"URRAO","ANTIOQUIA",45.49,317
"LA APARTADA (LA FRONTERA)","CÓRDOBA",45.48,133
"BRICEÑO","BOYACÁ",45.47,32
"SAN LUIS","ANTIOQUIA",45.47,152
"DOLORES","TOLIMA",45.46,98
"PEQUE","ANTIOQUIA",45.46,85
"APARTADO","ANTIOQUIA",45.45,1196
"LEJANIAS","META",45.45,111
"YOTOCO","VALLE",45.45,132
"SAN RAFAEL","ANTIOQUIA",45.44,175
"BURITICA","ANTIOQUIA",45.43,63
"LENGUAZAQUE","CUNDINAMARCA",45.43,93
"BUGALAGRANDE","VALLE",45.42,259
"CUCUTILLA","NORTE SANTANDER",45.42,75
"GIRARDOT","CUNDINAMARCA",45.42,774
"SANTANDER DE QUILICHAO","CAUCA",45.42,1015
"CAICEDO","ANTIOQUIA",45.41,84
"CARMEN DE APICALA","TOLIMA",45.4,114
"SAN ANDRES","SANTANDER",45.4,146
"SAN PEDRO","VALLE",45.4,170
"TIERRALTA","CÓRDOBA",45.4,803
"ARMERO (GUAYABAL)","TOLIMA",45.39,129
"EL DORADO","META",45.39,56
"MACEO","ANTIOQUIA",45.39,103
"TIBU","NORTE SANTANDER",45.39,260
"TOTA","BOYACÁ",45.39,69
"COVARACHIA","BOYACÁ",45.38,52
"ACEVEDO","HUILA",45.37,151
"PLANETA RICA","CÓRDOBA",45.37,825
"TORO","VALLE",45.37,142
"CURILLO","CAQUETÁ",45.36,72
"EL COPEY","CESAR",45.36,250
"INZA","CAUCA",45.36,267
"MARIPI","BOYACÁ",45.35,84
"SOCOTA","BOYACÁ",45.34,59
"TURBACO","BOLÍVAR",45.34,655
"LA SIERRA","CAUCA",45.32,115
"BOLIVAR","VALLE",45.3,167
"SALAZAR","NORTE SANTANDER",45.3,101
"SAN ANTONIO","TOLIMA",45.3,160
"TOLEDO","NORTE SANTANDER",45.3,234
"EL ROSAL","CUNDINAMARCA",45.28,201
"COROZAL","SUCRE",45.26,770
"PANDI","CUNDINAMARCA",45.26,31
"SAN LUIS","TOLIMA",45.26,152
"SUCRE","CAUCA",45.26,42
"OBANDO","VALLE",45.25,116
"SUTATENZA","BOYACÁ",45.25,40
"TIPACOQUE","BOYACÁ",45.24,37
"ANZOATEGUI","TOLIMA",45.21,78
"LA LLANADA","NARIÑO",45.21,62
"CARURU","VAUPÉS",45.2,25
"ROSAS","CAUCA",45.2,128
"TRUJILLO","VALLE",45.2,191
"NATAGA","HUILA",45.19,98
"COLOMBIA","HUILA",45.17,47
"PUERTO LLERAS","META",45.17,88
"RIONEGRO","SANTANDER",45.17,247
"TANGUA","NARIÑO",45.17,103
"PULI","CUNDINAMARCA",45.16,25
"RECETOR","CASANARE",45.16,25
"EBEJICO","ANTIOQUIA",45.15,144
"SAN CARLOS","ANTIOQUIA",45.15,161
"CARTAGENA DEL CHAIRA","CAQUETÁ",45.13,220
"QUIPILE","CUNDINAMARCA",45.13,97
"SAN LORENZO","NARIÑO",45.13,170
"SATIVANORTE","BOYACÁ",45.12,42
"ANSERMANUEVO","VALLE",45.11,206
"LA MACARENA","META",45.1,99
"TAMARA","CASANARE",45.09,58
"ARBOLEDA (BERRUECOS)","NARIÑO",45.08,85
"SAN JOSE DEL GUAVIARE","GUAVIARE",45.08,732
"SANTA MARIA","HUILA",45.08,111
"TARAIRA","VAUPÉS",45.06,18
"VIJES","VALLE",45.06,108
"AGUAZUL","CASANARE",45.05,713
"PUERTO LOPEZ","META",45.05,338
"BALBOA","CAUCA",45.04,159
"EL DONCELLO","CAQUETÁ",45.04,287
"SAN ANDRES","ANTIOQUIA",45.04,49
"BUENAVISTA","SUCRE",45.03,130
"BOLIVAR","CAUCA",45.02,348
"GENOVA","QUINDÍO",45.02,103
"PORE","CASANARE",45.02,82
"ARBOLETES","ANTIOQUIA",45.01,342
"CURUMANI","CESAR",45,314
"PISVA","BOYACÁ",45,8
"SOPETRAN","ANTIOQUIA",45,193
"VILLA GUAMEZ (LA HORMIGA)","PUTUMAYO",45,485
"SAN ANDRES","SAN ANDRÉS",44.99,572
"SUPIA","CALDAS",44.99,463
"TEORAMA","NORTE SANTANDER",44.97,83
"GALERAS (NUEVA GRANADA)","SUCRE",44.96,350
"GUAPOTA","SANTANDER",44.96,28
"CERETE","CÓRDOBA",44.95,1058
"EL PEÑON","SANTANDER",44.93,45
"LA PALMA","CUNDINAMARCA",44.93,149
"SAN BENITO","SANTANDER",44.93,41
"FALAN","TOLIMA",44.92,98
"GUATICA","RISARALDA",44.92,182
"LABRANZAGRANDE","BOYACÁ",44.92,24
"MORALES","CAUCA",44.92,244
"PUEBLO NUEVO","CÓRDOBA",44.92,274
"SANTACRUZ (GUACHAVES)","NARIÑO",44.92,78
"BARAYA","HUILA",44.9,69
"CHITA","BOYACÁ",44.9,119
"CORRALES","BOYACÁ",44.9,30
"VALLE DE SAN JOSE","SANTANDER",44.9,80
"BUENAVISTA","QUINDÍO",44.89,56
"CIENAGA DE ORO","CÓRDOBA",44.89,612
"ESPINAL","TOLIMA",44.89,806
"SALGAR","ANTIOQUIA",44.89,103
"CASTILLA LA NUEVA","META",44.88,191
"EL ROSARIO","NARIÑO",44.88,42
"PAJARITO","BOYACÁ",44.88,24
"VENECIA","ANTIOQUIA",44.88,123
"BALBOA","RISARALDA",44.87,85
"ORITO","PUTUMAYO",44.86,471
"PURACE (COCONUCO)","CAUCA",44.85,103
"VITERBO","CALDAS",44.84,222
"ALBAN","CUNDINAMARCA",44.83,89
"FORTUL","ARAUCA",44.83,225
"MANI","CASANARE",44.83,133
"TUTASA","BOYACÁ",44.83,34
"EL ESPINO","BOYACÁ",44.81,43
"MORELIA","CAQUETÁ",44.81,36
"PAUNA","BOYACÁ",44.81,107
"HOBO","HUILA",44.8,54
"MANZANARES","CALDAS",44.79,232
"NIMAIMA","CUNDINAMARCA",44.79,37
"PUERTO COLOMBIA","ATLÁNTICO",44.79,367
"SAN MIGUEL DE SEMA","BOYACÁ",44.79,67
"YALI","ANTIOQUIA",44.79,85
"BARANOA","ATLÁNTICO",44.78,661
"PUERTO BOYACA","BOYACÁ",44.78,589
"RIO DE ORO","CESAR",44.78,115
"ARGELIA","ANTIOQUIA",44.77,106
"AIPE","HUILA",44.75,149
"IMUES","NARIÑO",44.75,97
"OLAYA","ANTIOQUIA",44.75,44
"SAN ROQUE","ANTIOQUIA",44.75,253
"EL PAUJIL","CAQUETÁ",44.74,140
"PIVIJAY","MAGDALENA",44.72,412
"TRINIDAD","CASANARE",44.71,145
"COPER","BOYACÁ",44.69,39
"CUBARA","BOYACÁ",44.69,79
"VERSALLES","VALLE",44.69,74
"LA VICTORIA","VALLE",44.67,179
"LETICIA","AMAZONAS",44.67,579
"SAN SEBASTIAN DE BUENAVISTA","MAGDALENA",44.67,246
"SILVANIA","CUNDINAMARCA",44.67,267
"SANTO DOMINGO","ANTIOQUIA",44.66,197
"COROMORO","SANTANDER",44.65,66
"GUATAVITA","CUNDINAMARCA",44.65,57
"SAN PABLO DE BORBUR","BOYACÁ",44.65,37
"GALAPA","ATLÁNTICO",44.64,391
"OTANCHE","BOYACÁ",44.61,93
"GUADALUPE","HUILA",44.6,161
"SANTO TOMAS","ATLÁNTICO",44.6,190
"BELALCAZAR","CALDAS",44.59,110
"ITUANGO","ANTIOQUIA",44.59,197
"JERUSALEN","CUNDINAMARCA",44.59,29
"PUERTO  LEGUIZAMO","PUTUMAYO",44.59,214
"SAN VICENTE DEL CAGUAN","CAQUETÁ",44.59,361
"CISNEROS","ANTIOQUIA",44.58,138
"SANTA MARTA","MAGDALENA",44.58,4537
"CHALAN","SUCRE",44.57,21
"PRADO","TOLIMA",44.57,122
"SAN FRANCISCO","PUTUMAYO",44.57,99
"YACOPI","CUNDINAMARCA",44.57,93
"RICAURTE","CUNDINAMARCA",44.56,97
"EL ROBLE","SUCRE",44.54,63
"LA MONTAÑITA","CAQUETÁ",44.54,101
"SANTA BARBARA","SANTANDER",44.54,24
"EL ZULIA","NORTE SANTANDER",44.53,217
"CACERES","ANTIOQUIA",44.52,188
"SAN MATEO","BOYACÁ",44.52,50
"MAGANGUE","BOLÍVAR",44.51,1165
"UBALA","CUNDINAMARCA",44.51,100
"SAN PEDRO DE CARTAGO","NARIÑO",44.5,54
"BOSCONIA","CESAR",44.49,446
"GUTIERREZ","CUNDINAMARCA",44.49,43
"PIEDRAS","TOLIMA",44.49,55
"PLANADAS","TOLIMA",44.49,189
"URUMITA","LA GUAJIRA",44.49,96
"SANTA HELENA DEL OPON","SANTANDER",44.47,21
"TARAZA","ANTIOQUIA",44.44,341
"ARATOCA","SANTANDER",44.43,167
"SAMANA","CALDAS",44.43,246
"SUESCA","CUNDINAMARCA",44.43,224
"GUICAN","BOYACÁ",44.42,53
"LA CELIA","RISARALDA",44.41,82
"ARMENIA","ANTIOQUIA",44.4,58
"JESUS MARIA","SANTANDER",44.4,50
"SOTARA (PAISPAMBA)","CAUCA",44.4,83
"CHIGORODO","ANTIOQUIA",44.39,817
"PUERTO RICO","CAQUETÁ",44.39,218
"CARTAGENA","BOLÍVAR",44.38,8949
"CORINTO","CAUCA",44.38,329
"GUACARI","VALLE",44.37,396
"YOLOMBO","ANTIOQUIA",44.37,245
"YAGUARA","HUILA",44.36,104
"RIOHACHA","LA GUAJIRA",44.35,1640
"PUERTO CARREÑO","VICHADA",44.33,225
"APIA","RISARALDA",44.32,333
"SIMITI","BOLÍVAR",44.32,134
"ASTREA","CESAR",44.3,211
"ARGELIA","VALLE",44.29,63
"COELLO","TOLIMA",44.29,95
"EL TAMBO","CAUCA",44.28,328
"RICAURTE","NARIÑO",44.28,116
"CABRERA","SANTANDER",44.26,42
"MACANAL","BOYACÁ",44.26,54
"SAN JERONIMO","ANTIOQUIA",44.26,215
"TURBANA","BOLÍVAR",44.26,153
"CUNDAY","TOLIMA",44.25,118
"OROCUE","CASANARE",44.25,104
"SUAREZ","TOLIMA",44.25,41
"EL PEÑOL","NARIÑO",44.24,111
"SAN CARLOS DE GUAROA","META",44.24,101
"CUASPUD (CARLOSAMA)","NARIÑO",44.23,60
"SABANALARGA","ANTIOQUIA",44.23,67
"RAGONVALIA","NORTE SANTANDER",44.22,45
"VIOTA","CUNDINAMARCA",44.22,219
"SAMPUES","SUCRE",44.21,517
"CAJIBIO","CAUCA",44.2,196
"CIMITARRA","SANTANDER",44.2,406
"SAN CALIXTO","NORTE SANTANDER",44.19,32
"ANGELOPOLIS","ANTIOQUIA",44.18,56
"GUAVATA","SANTANDER",44.18,46
"PUERTO PARRA","SANTANDER",44.17,61
"SAN DIEGO","CESAR",44.17,200
"LERIDA","TOLIMA",44.16,231
"RIO VIEJO","BOLÍVAR",44.16,91
"BRICEÑO","ANTIOQUIA",44.15,60
"PUERTO SANTANDER","NORTE SANTANDER",44.15,54
"HACARI","NORTE SANTANDER",44.13,24
"MARMATO","CALDAS",44.13,86
"SANTAFÉ DE ANTIOQUIA","ANTIOQUIA",44.12,392
"SAN JUANITO","META",44.11,18
"BARRANCA DE UPIA","META",44.1,70
"GUACAMAYAS","BOYACÁ",44.1,31
"MALAMBO","ATLÁNTICO",44.1,678
"MESETAS","META",44.1,78
"TOCAIMA","CUNDINAMARCA",44.1,148
"SAN JOAQUIN","SANTANDER",44.09,42
"SAN CAYETANO","NORTE SANTANDER",44.08,50
"TOTORO","CAUCA",44.08,144
"ORTEGA","TOLIMA",44.07,369
"PUERTO GAITAN","META",44.06,223
"PUERTO BERRIO","ANTIOQUIA",44.05,505
"VALENCIA","CÓRDOBA",44.04,432
"CHITARAQUE","BOYACÁ",44.03,40
"LA PINTADA","ANTIOQUIA",44.03,104
"SAN MARCOS","SUCRE",44.02,713
"GACHALA","CUNDINAMARCA",44,63
"MUTATA","ANTIOQUIA",44,157
"PARATEBUENO","CUNDINAMARCA",44,75
"USIACURI","ATLÁNTICO",44,67
"SANTANA","BOYACÁ",43.99,100
"LA GLORIA","CESAR",43.98,108
"NECHI","ANTIOQUIA",43.98,133
"POLICARPA","NARIÑO",43.98,98
"SAN PEDRO DE URABA","ANTIOQUIA",43.98,347
"ONZAGA","SANTANDER",43.97,83
"PIAMONTE","CAUCA",43.97,32
"TOLEDO","ANTIOQUIA",43.97,32
"ARBOLEDAS","NORTE SANTANDER",43.95,119
"AGUSTIN CODAZZI","CESAR",43.94,582
"LA CHORRERA","AMAZONAS",43.94,18
"LOS CORDOBAS","CÓRDOBA",43.94,174
"GUAMO","TOLIMA",43.92,427
"SITIONUEVO","MAGDALENA",43.92,113
"LA PEÑA","CUNDINAMARCA",43.91,75
"AYAPEL","CÓRDOBA",43.89,374
"SALAMINA","MAGDALENA",43.89,104
"SAN JOSE DE PARE","BOYACÁ",43.89,36
"RONCESVALLES","TOLIMA",43.88,64
"VALLE DE SAN JUAN","TOLIMA",43.88,79
"PAIME","CUNDINAMARCA",43.87,52
"HATONUEVO","LA GUAJIRA",43.86,161
"LA PRIMAVERA","VICHADA",43.82,84
"MARULANDA","CALDAS",43.82,28
"YONDO (CASABE)","ANTIOQUIA",43.81,117
"FONSECA","LA GUAJIRA",43.8,470
"SABANALARGA","ATLÁNTICO",43.79,840
"SANTIAGO","NORTE SANTANDER",43.79,29
"TUNUNGUA","BOYACÁ",43.79,19
"BELEN DE BAJIRA","CHOCÓ",43.77,22
"MITU","VAUPÉS",43.77,261
"PUERTO GUZMAN","PUTUMAYO",43.77,97
"PUERTO RONDON","ARAUCA",43.77,43
"BUENAVENTURA","VALLE",43.76,2649
"GUACA","SANTANDER",43.76,29
"SAN PABLO","BOLÍVAR",43.76,298
"VICTORIA","CALDAS",43.76,131
"ANGOSTURA","ANTIOQUIA",43.75,113
"PURIFICACION","TOLIMA",43.75,316
"QUIBDO","CHOCÓ",43.75,1550
"SAN JUAN NEPOMUCENO","BOLÍVAR",43.75,500
"FILADELFIA","CALDAS",43.74,133
"SAN JACINTO","BOLÍVAR",43.74,364
"MAICAO","LA GUAJIRA",43.73,1826
"LA JAGUA DE IBIRICO","CESAR",43.7,342
"CHIMA","CÓRDOBA",43.68,189
"EL BAGRE","ANTIOQUIA",43.68,502
"SAN MARTIN DE LOBA","BOLÍVAR",43.68,266
"TOLUVIEJO","SUCRE",43.68,275
"MOMPOS","BOLÍVAR",43.67,596
"PIJAO","QUINDÍO",43.67,172
"VILLANUEVA","LA GUAJIRA",43.67,230
"BELEN DE LOS ANDAQUIES","CAQUETÁ",43.66,126
"CABRERA","CUNDINAMARCA",43.64,83
"ITSMINA","CHOCÓ",43.64,500
"CHINU","CÓRDOBA",43.63,377
"SILVIA","CAUCA",43.63,358
"SOLITA","CAQUETÁ",43.63,75
"ALBANIA","CAQUETÁ",43.62,48
"JUAN DE ACOSTA","ATLÁNTICO",43.61,212
"REMEDIOS","ANTIOQUIA",43.6,235
"BUENAVISTA","CÓRDOBA",43.59,200
"CEPITA","SANTANDER",43.59,24
"MANAURE","LA GUAJIRA",43.59,123
"MUZO","BOYACÁ",43.59,107
"SALDAÑA","TOLIMA",43.59,176
"SAN FERNANDO","BOLÍVAR",43.58,123
"SAN MIGUEL","PUTUMAYO",43.58,249
"POLONUEVO","ATLÁNTICO",43.57,120
"ARJONA","BOLÍVAR",43.56,651
"COTORRA","CÓRDOBA",43.56,171
"CHIRIGUANA","CESAR",43.55,228
"PUERTO CONCORDIA","META",43.55,63
"MISTRATO","RISARALDA",43.54,110
"BECERRIL","CESAR",43.53,231
"CHAGUANI","CUNDINAMARCA",43.53,32
"PROVIDENCIA","SAN ANDRÉS",43.52,49
"SAN JOSE DEL FRAGUA","CAQUETÁ",43.52,194
"URAMITA","ANTIOQUIA",43.51,62
"CHIQUIZA","BOYACÁ",43.5,66
"RAFAEL REYES (APULO)","CUNDINAMARCA",43.5,102
"PAILITAS","CESAR",43.49,191
"CORDOBA","BOLÍVAR",43.47,164
"CONDOTO","CHOCÓ",43.46,241
"TORIBIO","CAUCA",43.46,243
"SAN ONOFRE","SUCRE",43.44,503
"PUERTO ESCONDIDO","CÓRDOBA",43.43,254
"MAPIRIPAN","META",43.42,38
"TURBO","ANTIOQUIA",43.41,1425
"HATO COROZAL","CASANARE",43.4,161
"BETULIA","SANTANDER",43.39,47
"CABUYARO","META",43.39,54
"MOÑITOS","CÓRDOBA",43.39,281
"PIJIÑO DEL CARMEN","MAGDALENA",43.39,118
"TARSO","ANTIOQUIA",43.38,89
"PUERTO CAICEDO","PUTUMAYO",43.37,160
"VILLAVIEJA","HUILA",43.37,76
"EL BANCO","MAGDALENA",43.35,605
"UTICA","CUNDINAMARCA",43.35,60
"LORICA","CÓRDOBA",43.34,1430
"SUAREZ","CAUCA",43.34,189
"PATIA(EL BORDO)","CAUCA",43.32,304
"PUERTO TEJADA","CAUCA",43.32,369
"SAN PELAYO","CÓRDOBA",43.32,558
"AMBALEMA","TOLIMA",43.31,59
"EL PASO","CESAR",43.3,391
"MARGARITA","BOLÍVAR",43.29,146
"VENECIA (OSPINA PEREZ)","CUNDINAMARCA",43.28,64
"MILAN","CAQUETÁ",43.27,62
"PESCA","BOYACÁ",43.27,77
"EL RETORNO","GUAVIARE",43.26,130
"EL TARRA","NORTE SANTANDER",43.26,62
"MOMIL","CÓRDOBA",43.26,259
"PALMITO","SUCRE",43.26,122
"CAMPAMENTO","ANTIOQUIA",43.25,36
"LOS PALMITOS","SUCRE",43.25,276
"FUNDACION","MAGDALENA",43.24,755
"CACOTA","NORTE SANTANDER",43.22,31
"CHIMICHAGUA","CESAR",43.22,452
"SAN ZENON","MAGDALENA",43.22,112
"ARIGUANI (EL DIFICIL)","MAGDALENA",43.19,342
"ENCINO","SANTANDER",43.19,32
"DURANIA","NORTE SANTANDER",43.18,50
"TELLO","HUILA",43.18,163
"CANALETE","CÓRDOBA",43.17,200
"CICUCO","BOLÍVAR",43.17,107
"SAN ANTERO","CÓRDOBA",43.16,316
"URIBIA","LA GUAJIRA",43.16,283
"VEGACHI","ANTIOQUIA",43.13,157
"SAN JUAN DE URABA","ANTIOQUIA",43.12,228
"COLOSO (RICAURTE)","SUCRE",43.11,100
"CALDONO","CAUCA",43.09,273
"PELAYA","CESAR",43.09,213
"TUBARA","ATLÁNTICO",43.09,86
"ALMAGUER","CAUCA",43.08,157
"GAMBITA","SANTANDER",43.08,24
"PURISIMA","CÓRDOBA",43.08,232
"ANORI","ANTIOQUIA",43.07,107
"ACANDI","CHOCÓ",43.04,57
"SANTA ANA","MAGDALENA",43.04,319
"CHIVOLO","MAGDALENA",43.02,191
"DIBULLA","LA GUAJIRA",43.02,177
"SAN CARLOS","CÓRDOBA",43.01,220
"BELTRAN","CUNDINAMARCA",43,46
"PROVIDENCIA","NARIÑO",43,58
"SATIVASUR","BOYACÁ",43,19
"GUARANDA","SUCRE",42.99,110
"ALMEIDA","BOYACÁ",42.96,26
"SANTA CATALINA","BOLÍVAR",42.96,139
"OVEJAS","SUCRE",42.95,337
"CUMARIBO","VICHADA",42.93,106
"PUERTO WILCHES","SANTANDER",42.93,327
"SANTA ROSA","CAUCA",42.93,52
"EL PEÑON","CUNDINAMARCA",42.91,43
"CUMBITARA","NARIÑO",42.9,98
"PINILLOS","BOLÍVAR",42.88,248
"GUAMAL","MAGDALENA",42.87,403
"SAN BENITO ABAD","SUCRE",42.87,317
"ARENAL","BOLÍVAR",42.86,96
"SAN CAYETANO","CUNDINAMARCA",42.86,78
"EL CARMEN DE BOLIVAR","BOLÍVAR",42.84,799
"GAMARRA","CESAR",42.83,127
"GUACHENÉ","CAUCA",42.82,11
"OLAYA HERRERA","NARIÑO",42.82,100
"BARRANCAS","LA GUAJIRA",42.8,321
"SUAN","ATLÁNTICO",42.8,99
"ALTOS DEL ROSARIO","BOLÍVAR",42.79,74
"SUCRE","SUCRE",42.79,193
"LEIVA","NARIÑO",42.75,88
"ZARAGOZA","ANTIOQUIA",42.73,238
"SANTA ROSALIA","VICHADA",42.71,24
"VILLANUEVA","BOLÍVAR",42.69,242
"PAYA","BOYACÁ",42.68,22
"NATAGAIMA","TOLIMA",42.67,195
"JAMBALO","CAUCA",42.66,165
"SAN JUAN DE BETULIA","SUCRE",42.65,192
"BARBACOAS","NARIÑO",42.64,231
"CALOTO","CAUCA",42.63,514
"ALGARROBO","MAGDALENA",42.62,138
"TALAIGUA NUEVO","BOLÍVAR",42.56,222
"SAN CRISTOBAL","BOLÍVAR",42.55,73
"FLORENCIA","CAUCA",42.54,78
"NECOCLI","ANTIOQUIA",42.54,569
"SOLANO","CAQUETÁ",42.5,42
"NUEVA GRANADA","MAGDALENA",42.49,89
"JERICO","BOYACÁ",42.48,44
"PADILLA","CAUCA",42.48,96
"CERTEGUI","CHOCÓ",42.47,47
"PLATO","MAGDALENA",42.46,603
"CIENAGA","MAGDALENA",42.45,1073
"COVEÑAS","SUCRE",42.45,275
"SEGOVIA","ANTIOQUIA",42.41,301
"TUMACO","NARIÑO",42.41,2056
"PAEZ (BELALCAZAR)","CAUCA",42.4,332
"VILLA RICA","CAUCA",42.37,178
"ZAMBRANO","BOLÍVAR",42.35,159
"MEDIO ATRATO","CHOCÓ",42.33,3
"MURINDO","ANTIOQUIA",42.33,9
"ZONA BANANERA","MAGDALENA",42.31,663
"MAGUI (PAYAN)","NARIÑO",42.3,56
"SABANAS DE SAN ANGEL","MAGDALENA",42.3,91
"CAIMITO","SUCRE",42.29,123
"SAN ANDRES SOTAVENTO","CÓRDOBA",42.28,752
"MORALES","BOLÍVAR",42.24,210
"TENERIFE","MAGDALENA",42.23,124
"BARRANCO DE LOBA","BOLÍVAR",42.22,155
"SAN SEBASTIAN","CAUCA",42.19,105
"UNGUIA","CHOCÓ",42.17,76
"PUERTO NARIÑO","AMAZONAS",42.16,76
"EL PEÑON","BOLÍVAR",42.15,85
"ALBANIA","LA GUAJIRA",42.13,166
"DISTRACCION","LA GUAJIRA",42.13,91
"TAMALAMEQUE","CESAR",42.11,189
"FLANDES","TOLIMA",42.1,242
"HATILLO DE LOBA","BOLÍVAR",42.08,158
"FRANCISCO PIZARRO","NARIÑO",42.06,85
"MAHATES","BOLÍVAR",42.04,359
"LA JAGUA DEL PILAR","LA GUAJIRA",42,19
"TOPAIPI","CUNDINAMARCA",42,66
"SANTA ROSA","BOLÍVAR",41.96,207
"MAJAGUAL","SUCRE",41.94,464
"BAHIA SOLANO (MUTIS)","CHOCÓ",41.92,104
"TIQUISIO (PUERTO RICO)","BOLÍVAR",41.87,170
"ARACATACA","MAGDALENA",41.85,466
"CANDELARIA","ATLÁNTICO",41.82,104
"MARIA LA BAJA","BOLÍVAR",41.82,554
"EL CHARCO","NARIÑO",41.81,159
"LURUACO","ATLÁNTICO",41.8,280
"EL RETEN","MAGDALENA",41.79,245
"GALAN","SANTANDER",41.79,56
"SAN JACINTO DEL CAUCA","BOLÍVAR",41.75,95
"EL PIÑON","MAGDALENA",41.73,212
"GUATAQUI","CUNDINAMARCA",41.73,44
"SIPI","CHOCÓ",41.73,15
"ACHI","BOLÍVAR",41.72,339
"PONEDERA","ATLÁNTICO",41.71,198
"EL MOLINO","LA GUAJIRA",41.67,42
"COYAIMA","TOLIMA",41.65,305
"LLORO","CHOCÓ",41.61,46
"UNION PANAMERICANA","CHOCÓ",41.6,15
"BUENOS AIRES","CAUCA",41.57,224
"MEDIO SAN JUAN","CHOCÓ",41.55,31
"GUAPI","CAUCA",41.49,311
"CAMPO DE LA CRUZ","ATLÁNTICO",41.35,249
"TARAPACA","AMAZONAS",41.35,20
"SAN ESTANISLAO","BOLÍVAR",41.34,187
"SOPLAVIENTO","BOLÍVAR",41.31,91
"CERRO SAN ANTONIO","MAGDALENA",41.3,60
"SANTA BARBARA (ISCUANDE)","NARIÑO",41.29,24
"MAPIRIPANA","GUAINÍA",41.21,19
"ROBERTO PAYAN (SAN JOSE)","NARIÑO",41.2,56
"CANTAGALLO","BOLÍVAR",41.17,85
"PIOJO","ATLÁNTICO",41.15,59
"SANTA BARBARA DE PINTO","MAGDALENA",41.14,35
"TADO","CHOCÓ",41.14,280
"CANTON DEL SAN PABLO","CHOCÓ",41.12,51
"MANATI","ATLÁNTICO",41.12,195
"CONCORDIA","MAGDALENA",41.06,151
"PUEBLO RICO","RISARALDA",41.04,141
"BAGADO","CHOCÓ",41.02,75
"CALAMAR","BOLÍVAR",41.01,237
"RIO IRO","CHOCÓ",41,42
"EL LITORAL DEL SAN JUAN","CHOCÓ",40.96,23
"SANTA LUCIA","ATLÁNTICO",40.93,129
"CLEMENCIA","BOLÍVAR",40.88,26
"NOVITA","CHOCÓ",40.88,42
"EL GUAMO","BOLÍVAR",40.87,69
"REMOLINO","MAGDALENA",40.81,95
"REGIDOR","BOLÍVAR",40.72,46
"REPELON","ATLÁNTICO",40.67,231
"MONTECRISTO","BOLÍVAR",40.6,43
"NUQUI","CHOCÓ",40.5,40
"YAVARATE","VAUPÉS",40.5,4
"PUEBLOVIEJO","MAGDALENA",40.49,251
"ZAPAYAN","MAGDALENA",40.47,76
"PEDRAZA","MAGDALENA",40.43,111
"VIGIA DEL FUERTE","ANTIOQUIA",40.39,65
"LOPEZ (MICAY)","CAUCA",40.14,111
"CARMEN DEL DARIEN","CHOCÓ",40.1,29
"MEDIO BAUDO","CHOCÓ",40.09,22
"TIMBIQUI","CAUCA",39.98,162
"PTO SANTANDER","AMAZONAS",39.82,11
"MOSQUERA","NARIÑO",39.72,58
"RIO QUITO","CHOCÓ",39.64,77
"LA TOLA","NARIÑO",39.59,56
"BAJO BAUDO   (PIZARRO)","CHOCÓ",39.55,44
"LA PEDRERA","AMAZONAS",39.5,30
"RIOSUCIO","CHOCÓ",39.44,122
"ARROYOHONDO","BOLÍVAR",39.43,70
"ATRATO (YUTO)","CHOCÓ",39.4,70
"JURADO","CHOCÓ",39.22,18
"ALTO BAUDO (PIE DE PATO)","CHOCÓ",38.8,35
"JORDAN","SANTANDER",38.71,7
"BOJAYA (BELLAVISTA)","CHOCÓ",37.8,5
